,Reflectance (%),exp(True_Log / S2),exp(GoPro_Log / S2)
White,83.33333333333333,1.0000707,1.0027002
Neutral 8,66.63333333333333,1.000069,1.0024161
Neutral 6.5,50.900000000000006,1.0000666,1.0020764
Neutral 5,37.06666666666666,1.0000632,1.0016481
Neutral 3.5,20.900000000000002,1.0000567,1.001089
Black,10.700000000000001,1.0000408,1.0003796
