,Reflectance (%),Original GoPro Log,Proper Linear,Simple Exp
White,83.33333333333333,176.71933,102.986435,inf
Neutral 8,66.63333333333333,158.15144,92.152176,inf
Neutral 6.5,50.900000000000006,135.93301,79.19249,inf
Neutral 5,37.06666666666666,107.91252,62.85441,inf
Neutral 3.5,20.900000000000002,71.32155,41.53063,3.2669884e+32
Black,10.700000000000001,24.870346,14.477722,3996016700000.0
