,Reflectance (%),exp(true_log/S2),exp(gopro_log/S2),Difference
White,83.33333333333333,0.98789275,0.693017,0.29487574
Neutral 8,66.63333333333333,0.98612046,0.62020177,0.36591864
Neutral 6.5,50.900000000000006,0.98344827,0.5330706,0.45037773
Neutral 5,37.06666666666666,0.9819492,0.4231864,0.55876285
Neutral 3.5,20.900000000000002,0.9737501,0.27969235,0.69405776
Black,10.700000000000001,0.8893124,0.097530775,0.7917816
